sample_id,input_directory,input_layout,cell_stats_file,include_preprocess,include_annotation,include_vz,include_rl,notes
FB124_X_G,FB124_X_G,single,,,,,
FB198_X_G,FB198_X_G,single,,,,,
FB328_1_X_G,FB328_1_X_G,single,,,,,
FB330_1_X_G,FB330_1_X_G,single,,,,,
FB78_X_G,FB78_X_G,single,,,,,
GZFB4_X_G,GZFB4_X_G,single,,,,,
GZFB5_X_G,GZFB5_X_G,single,,,,,
GZFB_1_X_G,GZFB_1_X_G,single,,,,,
GZFB_9_X_G_1,GZFB_12_X_G_5__GZFB_9_X_G_1,multi_sample_slide,GZFB9_1_cerebellum_cells_stats.csv,,,,,
GZFB_9_X_G_2,GZFB_9_X_G_2,single,,,,,
GZFB_9_X_G_3,GZFB_9_X_G_3,single,,,,,
GZFB_12_X_G_1,GZFB_12_X_G_1,single,,,,,
GZFB_12_X_G_2,GZFB_12_X_G_2,single,,,,,
GZFB_12_X_G_3,GZFB_12_X_G_3__GZFB_12_X_G_4,multi_sample_slide,GZFB12_3_cerebellum_cells_stats.csv,,,,,
GZFB_12_X_G_4,GZFB_12_X_G_3__GZFB_12_X_G_4,multi_sample_slide,GZFB12_4_cerebellum_cells_stats.csv,,,,,
GZFB_12_X_G_5,GZFB_12_X_G_5__GZFB_9_X_G_1,multi_sample_slide,GZFB12_5_cerebellum_cells_stats.csv,,,,,
GZFB_20_X_G_1,GZFB_20_X_G_1,single,,,,,
GZFB_20_X_G_2,GZFB_20_X_G_2,single,,,,,
GZFB_20_X_G_3,GZFB_20_X_G_3,single,,,,,
GZFB_20_X_G_4,GZFB_20_X_G_4,single,,,,,
GZFB_20_X_G_5,GZFB_20_X_G_9__7__5,multi_sample_slide,GZFB20_5_cerebellum_cells_stats.csv,,,,,
GZFB_20_X_G_6,GZFB_20_X_G_10__8__6,multi_sample_slide,GZFB20_6_cerebellum_cells_stats.csv,,,,,
GZFB_20_X_G_7,GZFB_20_X_G_9__7__5,multi_sample_slide,GZFB20_7_cerebellum_cells_stats.csv,,,,,
GZFB_20_X_G_8,GZFB_20_X_G_10__8__6,multi_sample_slide,GZFB20_8_cerebellum_cells_stats.csv,,,,,
GZFB_20_X_G_9,GZFB_20_X_G_9__7__5,multi_sample_slide,GZFB20_9_cerebellum_cells_stats.csv,,,,,
GZFB_20_X_G_10,GZFB_20_X_G_10__8__6,multi_sample_slide,GZFB20_10_cerebellum_cells_stats.csv,,,,,
GZFB_20_X_G_11,GZFB_20_X_G_11,single,,,,,
GZFB_20_X_G_12,GZFB_20_X_G_12,single,,,,,
GZFB_22_X_G_1,GZFB_22_X_G_5__3__1,multi_sample_slide,GZFB22_1_cerebellum_cells_stats.csv,,,,,
GZFB_22_X_G_2,GZFB_22_X_G_4__2,multi_sample_slide,GZFB22_2_cerebellum_cells_stats.csv,,,,,
GZFB_22_X_G_3,GZFB_22_X_G_5__3__1,multi_sample_slide,GZFB22_3_cerebellum_cells_stats.csv,,,,,
GZFB_22_X_G_4,GZFB_22_X_G_4__2,multi_sample_slide,GZFB22_4_cerebellum_cells_stats.csv,,,,,
GZFB_22_X_G_5,GZFB_22_X_G_5__3__1,multi_sample_slide,GZFB22_5_cerebellum_cells_stats.csv,,,,,
GZFB_22_X_G_6,GZFB_22_X_G_6,single,,,,,,
