sample_id,seurat_cluster,diagnostic_question,selection_basis
GZFB_9_X_G_1,22,reference_disagreement_near_threshold,k_anchor_5_vs_10_consensus_change
GZFB_9_X_G_1,24,RL_vs_Granule,user_reviewed_marker_expression
GZFB_9_X_G_1,25,reference_disagreement_near_threshold,k_anchor_5_vs_10_consensus_change
GZFB_9_X_G_1,32,reference_disagreement_near_threshold,k_anchor_5_vs_10_consensus_change
GZFB_20_X_G_1,18,RL_vs_Glia,user_reviewed_marker_expression
GZFB_20_X_G_1,22,Granule_vs_UBC_or_Unknown,k_anchor_5_vs_10_consensus_change
GZFB_20_X_G_1,44,RL_vs_Granule,k_anchor_5_vs_10_consensus_change
GZFB_20_X_G_1,58,RL_vs_Glia_current_Glia_plausible,user_reviewed_followup
GZFB_22_X_G_3,19,VZ_vs_Glia,k_anchor_5_vs_10_consensus_change
GZFB_22_X_G_3,55,Immune_vs_Unknown,k_anchor_5_vs_10_consensus_change
